#,Timestamp,Source,Value,Parameters,Origin,Service,Identifier,Deleted Account
#,Timestamp,Source,Value,Parameters,Origin,Service Identifier,Deleted,Account
1,15-12-2024 08:17:11(UTC+0),,-1709781365,,Default,,,
2,15-12-2024 08:16:49(UTC+0),,-1203995350,,Default,,,
3,18-11-2024 18:40:04(UTC+0),,-2051696500,,Default,,,
4,18-11-2024 18:40:01(UTC+0),,-2119171242,,Default,,,
5,18-11-2024 18:39:42(UTC+0),,-2099394438,,Default,,,
6,14-10-2024 18:01:55(UTC+0),,1757060852,,Default,,,
7,14-10-2024 06:59:32(UTC+0),,7046574667,,Default,,,
8,13-10-2024 18:20:05(UTC+0),,617306616,,Default,,,
9,30-09-2024 18:30:20(UTC+0),,1193884784,,Default,,,
10,09-08-2024 18:38:26(UTC+0),,-2134655344,,Default,,,
11,01-07-2024 19:11:39(UTC+0),,-2054291714,,Default,,,
12,23-06-2024 07:40:48(UTC+0),WhatsApp,tajshree autowheels pvt ltd,,Unknown,,,
13,23-06-2024 07:40:48(UTC+0),WhatsApp,tajshree autowheels,,Unknown,,,
14,23-06-2024 07:40:48(UTC+0),WhatsApp,Tajshree Honda,,Unknown,,,
15,26-12-2023 08:24:07(UTC+0),Play Store,rapido bike rental,,Default,,,
16,18-12-2023 08:44:05(UTC+0),Play Store,virtual trading app india,,Default,,,
17,12-12-2023 14:54:59(UTC+0),Play Store,bhandara find free food,,Default,,,
18,06-12-2023 07:02:22(UTC+0),Play Store,app lock,,Default,,,
19,05-12-2023 15:43:29(UTC+0),Play Store,dooflix,,Default,,,
20,04-12-2023 13:06:23(UTC+0),Play Store,rto challan app,,Default,,,
21,29-11-2023 06:03:33(UTC+0),Play Store,neostox,,Default,,,
22,26-11-2023 16:56:22(UTC+0),Play Store,stumble guys,,Default,,,
23,12-10-2023 05:45:34(UTC+0),Play Store,smart switch phone transfer,,Default,,,
24,12-10-2023 05:45:21(UTC+0),Play Store,samsung smart switch,,Default,,,
25,14-09-2023 09:10:06(UTC+0),Play Store,subway surfers,,Default,,,
26,26-08-2023 13:20:28(UTC+0),WhatsApp,Rajiv Gandhi College Of Engineering & Research,,Unknown,,,
27,18-08-2023 12:10:40(UTC+0),Play Store,mappls,,Default,,,
28,17-08-2023 18:10:44(UTC+0),Play Store,facebook,,Default,,,
29,23-04-2022 07:07:09(UTC+0),Samsung Rubin,in C Searched In: www.google.com,,Default,,,
30,23-04-2022 07:05:34(UTC+0),Samsung Rubin,Question 6 Revisit Later in C Searched In: www.google.com,,Default,,,
31,23-04-2022 07:05:12(UTC+0),Samsung Rubin,assuming x as a 32 bit signed integer x=-2 1 Searched In: www.google.com,,Default,,,
32,23-04-2022 07:04:58(UTC+0),Samsung Rubin,Question 6 Revisit Later in C Searched In: www.google.com,,Default,,,
33,23-04-2022 07:03:53(UTC+0),Samsung Rubin,Question 6 Revisit Later in C Searched In: www.google.com,,Default,,,
34,20-06-2021 18:33:05(UTC+0),GoogleQuickSearchBox,how to change name in apex legends,,Device,,,
35,18-06-2021 07:56:22(UTC+0),GoogleQuickSearchBox,battleground mobile india official website,,Device,,,
36,16-06-2021 16:11:42(UTC+0),GoogleQuickSearchBox,covid cases in nagpur,,Device,,,
37,16-06-2021 12:37:12(UTC+0),GoogleQuickSearchBox,one piece map of the world,,Device,,,
38,16-06-2021 12:36:55(UTC+0),GoogleQuickSearchBox,one piece map of the world,,Device,,,
39,16-06-2021 12:36:05(UTC+0),GoogleQuickSearchBox,one piece map of the world,,Device,,,
40,16-06-2021 04:09:17(UTC+0),GoogleQuickSearchBox,how to get address validation letter,,Device,,,
41,14-06-2021 06:36:28(UTC+0),GoogleQuickSearchBox,You may soon get a driving licence without any test at RTO,,Device,,,
42,29-02-2020 03:04:41(UTC+0),Google Maps,"21.079675,79.063721",,Default,,,
43,,Gmail,"No.11, 80 Feet Road, 4th Block, S.T Bed, Koramangala, Bangalore %E2%80%93 560034, Karnataka",,Unknown,,,
44,,Gmail,"2211 N. First St., San Jose, CA 95131",,Unknown,,,
45,,Gmail,"1600 Amphitheatre Pkwy Mountain View, CA%0D%0A 94043",,Unknown,,,
46,,Gmail,"1 Pennsylvania Plaza %7C Suite 2014 %7C New York, NY%C2%A010119",,Unknown,,,
47,,Gmail,"1 Pennsylvania Plaza %7C Suite 2014 %7C New York, NY 10119",,Unknown,,,
48,,Gmail,"651 Brannan Street %0A %C2%A0%C2%A0%C 2%B7%C2%A0%C2% A0 %0A San Francisco %C2%A0%C2%A0%C 2%B7%C2%A0%C2% A0 CA, 94107",,Unknown,,,
49,,Gmail,"Europaplatz 3 , 69115 Heidelberg , Germany",,Unknown,,,
50,,Gmail,"1600 Amphitheatre Parkway, Mountain View, CA 94043 USA",,Unknown,,,
51,,Gmail,"Microsoft Way Redmond, WA 98052",,Unknown,,,
52,,Gmail,"651 Brannan Street %0D%0A %C2%A0%C2%A0%C 2%B7%C2%A0%C2% A0 %0D%0A San Francisco %C2%A0%C2%A0%C 2%B7%C2%A0%C2% A0 CA, 94107",,Unknown,,,
53,,Gmail,D4 Platz 10,,Unknown,,,
54,,Gmail,"444 De Haro Street, Suite 200, San Francisco, CA 94107",,Unknown,,,
55,,Gmail,"2474 Walnut Street, Cary, North Carolina, 27518",,Unknown,,,
56,,Gmail,"2701 Olympic Blvd, Bldg B, Santa Monica, CA 90404",,Unknown,,,
57,,Gmail,"1600 Amphitheatre Parkway, Mountain View, CA 94043",,Unknown,,,
58,,Gmail,"350 Bush Street, 2nd Floor, San Francisco, CA, 94104 - USA",,Unknown,,,
59,,Gmail,"121, Sector-5, Noida, 201301",,Unknown,,,
60,,Gmail,"Wilton Place, Dublin 2, Ireland",,Unknown,,,
61,,Gmail,"1600 Amphitheatre Parkway, Mountain View, CA 94043",,Unknown,,,
62,,Gmail,"12333 West Olympic Blvd. Los Angeles, CA 90064, United States",,Unknown,,,
63,,Gmail,"Murray Street,, Perth CBD,, Western Australia",,Unknown,,,
64,,Gmail,"Barrow Street, Dublin 4, Ireland",,Unknown,,,
65,,Gmail,"110 Kippax St, NSW 2010, Australia",,Unknown,,,
66,,Gmail,"1 Microsoft Way, Redmond, WA, 98052, United States",,Unknown,,,
67,,Gmail,"901 Cherry Ave, San Bruno, CA 94066",,Unknown,,,
68,,Gmail,"1600 Amphitheatre Parkway, Mountain View, CA 94043, USA",,Unknown,,,
69,,Gmail,548 Market St,,Unknown,,,
70,,Gmail,"J%C3%A4tk%C3%A4 saarenlaituri 1, 00180 Helsinki, Finland",,Unknown,,,
71,,Gmail,"300 West 57th Street, New York, NY 10019- 3779",,Unknown,,,
72,,Gmail,"Regeringsgatan 19, 111 53, Stockholm, Sweden",,Unknown,,,
73,,Gmail,"2440 W El Camino Real 5th floor, Mountain View, CA 94040 USA",,Unknown,,,
74,,Gmail,"1 000 West Maude Avenue, Sunnyvale, CA 94085",,Unknown,,,
75,,Gmail,548 MARKET ST. %231,,Unknown,,,
76,,Gmail,"5 4 8 M a rket S t., %2316093, %0D%0ASan Francisco, CA 9 4 1 0 4-5 4 0 1",,Unknown,,,
77,,Gmail,"410 Terry Ave. North, Seattle, WA 98109",,Unknown,,,
78,,Gmail,"170 West Tasman Dr, San Jose, CA 95135",,Unknown,,,
79,,Gmail,"605 Castro Street, Mountain View, CA 94041",,Unknown,,,
80,,Gmail,"170 West Tasman Drive, San Jose, CA 95135",,Unknown,,,
81,,Google Maps,"SLPL Residency, Chandrapur - Nagpur Road, Karve Nagar, Somalwada, Nagpur, Maharashtra Search Results: Chandrapur - Nagpur Road, Karve Nagar, Somalwada, Nagpur, Maharashtra",,Default,,,
82,,Google Maps,"Nagpur, Maharashtra Search Results: Maharashtra",,Default,,,
83,,Google Maps,attractions in,,Default,,,
84,,Google Maps,taramandal institute near me,,Default,,,
85,,Google Maps,"Indore, Madhya Pradesh Search Results: Madhya Pradesh",,Default,,,
86,,Google Maps,"shop no.10, Everything The Hangout Point, Mini mangalwari Complex, Sadar, Nagpur, Maharashtra Search Results: Saved in Favorites",,Default,,,
87,,Google Maps,the new era hospital,,Default,,,
88,,Google Maps,"A.P pan point, N Bazar Rd, Ramdaspeth, Nagpur, Maharashtra Search Results: N Bazar Rd, Ramdaspeth, Nagpur, Maharashtra",,Default,,,
89,,Google Maps,"Varkala, Kerala Search Results: Kerala",,Default,,,
90,,Google Maps,lakadganj NMC office,,Default,,,
91,,Chrome,blue lock,,Unknown,,,
92,,Chrome,fireball whisk,,Unknown,,Yes,
93,,Chrome,Shadowfa,,Unknown,,Yes,
94,,Chrome,Shadowfax Technologies Pvt. Ltd.,,Unknown,,,
95,,Chrome,"Volkswagen Group Technology Solutions India - full-time roles Data Scientist AI/ML Engineer Full Stack Engineer & many more Salary: Up to INR 9 LPA (via Glassdoor) Eligibility: Final-year B.E/B.Tech. (CSE, IT only) , M.Tech., MCA Application Link: https://bit.ly/imobilotho n4 Deadline: 10th October 2024",,Unknown,,,
96,,Chrome,wind breaker,,Unknown,,,
97,,Chrome,leetcode,,Unknown,,,
98,,Chrome,rbu,,Unknown,,,
99,,Chrome,api,,Unknown,,,
100,,Chrome,gem,,Unknown,,,
101,,Chrome,clau,,Default,,,
102,,Chrome,gemini,,Default,,,
103,,Chrome,fireball whisky price india,,Default,,,
104,,Chrome,coursera,,Default,,,
105,,Chrome,api full form,,Default,,,
106,,Chrome,186,,Default,,,
107,,Chrome,"Volkswagen Group Technology Solutions India - full-time roles Data Scientist AI/ML Engineer Full Stack Engineer & many more Salary: Up to INR 9 LPA (via Glassdoor) Eligibility: Final-year B.E/B.Tech. (CSE, IT only) , M.Tech., MCA Application Link: https://bit.ly/imobilotho n4 Deadline: 10th October 2024",,Default,,,
108,,Chrome,wind breaker manga,,Default,,,
109,,Chrome,wind breaker manhwa,,Default,,,
110,,Chrome,wind breaker,,Default,,,
111,,Chrome,rbu icloud,,Default,,,
112,,Chrome,leetcode login,,Default,,,
113,,Chrome,crocs,,Default,,,
114,,Chrome,blue lock manga,,Default,,,
115,,YouTube,kawasaki 300 exhaust sound,,Default,,,
116,,YouTube,tvs ronin,,Default,,,
117,,YouTube,tvs ronin exhaust sound,,Default,,,
118,,Play Store,instagram,,Default,,,
119,,Play Store,intern2success,,Default,,,
120,,Play Store,intern success,,Default,,,
121,,Play Store,jiocinema,,Default,,,
122,,Play Store,swiggy,,Default,,,
123,,Play Store,skizz lockscreen drawing,,Default,,,
124,,Play Store,snitch,,Default,,,
125,,Play Store,brave,,Default,,,
126,,Play Store,absolute barbeque,,Default,,,
127,,Play Store,zomato gold,,Default,,,
128,,Play Store,plato,,Default,,,
129,,Play Store,pod.ai,,Default,,,
130,,Play Store,super money,,Default,,,
131,,Play Store,flipkart,,Default,,,
132,,Play Store,ajio,,Default,,,
133,,Play Store,snapchat,,Default,,,
134,,Play Store,ippb,,Default,,,
135,,Play Store,pokemon go,,Default,,,
136,,Play Store,clash of clans,,Default,,,
137,,Play Store,pokemon,,Default,,,
138,,Play Store,zoom,,Default,,,
139,,Play Store,whatsapp sticker,,Default,,,
140,,Play Store,killer bean,,Default,,,
141,,Play Store,vpn,,Default,,,
142,,Play Store,ola,,Default,,,
143,,Play Store,zedge,,Default,,,
144,,Play Store,zscaler,,Default,,,
145,,Play Store,coc,,Default,,,
146,,Play Store,sonyliv,,Default,,,
147,,Play Store,monopoly,,Default,,,
148,,Play Store,business tour,,Default,,,
149,,Play Store,linkedin,,Default,,,
150,,Play Store,bookmyshow,,Default,,,
151,,Play Store,where is my train,,Default,,,
152,,Play Store,uber,,Default,,,
153,,Play Store,google sheets,,Default,,,
154,,Play Store,in short,,Default,,,
155,,Play Store,jiotv,,Default,,,
156,,Play Store,jio app,,Default,,,
157,,Play Store,Amazon,,Default,,,
158,,Play Store,terabox,,Default,,,
159,,Play Store,speaker cleaner,,Default,,,
160,,Play Store,telegram,,Default,,,
161,,Play Store,self selection board,,Default,,,
162,,Play Store,kayyo,,Default,,,
163,,Play Store,palworld,,Default,,,
164,,Play Store,space chase,,Default,,,
165,,Play Store,space chess,,Default,,,
166,,Play Store,cricfy t,,Default,,,
167,,Play Store,front page,,Default,,,
168,,Play Store,tc lottery,,Default,,,
169,,Play Store,sweatcoin,,Default,,,
170,,Play Store,cashify,,Default,,,
171,,Play Store,tradgo mobile recharge,,Default,,,
172,,Play Store,myntra,,Default,,,
173,,Play Store,meesho,,Default,,,
174,,Play Store,voice changer call,,Default,,,
175,,Play Store,bnesim,,Default,,,
176,,Play Store,fampay,,Default,,,
177,,Play Store,samsung health,,Default,,,
178,,Play Store,oneplus,,Default,,,
179,,Play Store,bikewale,,Default,,,
180,,Play Store,hill climb racing,,Default,,,
181,,Play Store,shadow fight,,Default,,,
182,,Play Store,ff india,,Default,,,
183,,Play Store,pubg,,Default,,,
184,,Play Store,palphone,,Default,,,
185,,Play Store,pakp,,Default,,,
186,,Play Store,free fire india,,Default,,,
187,,Play Store,to do list,,Default,,,
188,,Play Store,notion,,Default,,,
189,,Play Store,olx,,Default,,,
190,,Play Store,merge photos together,,Default,,,
191,,Play Store,merge video app,,Default,,,
192,,Play Store,vi,,Default,,,
193,,Play Store,truecaller,,Default,,,
194,,Play Store,big bash 2016,,Default,,,
195,,Play Store,big bash cricket league,,Default,,,
196,,Play Store,zanti,,Default,,,
197,,Play Store,shark,,Default,,,
